"Guid","Name","SBQQ__MethodName__c","SBQQ__Version__c"
10197bdb-743f-4c98-a290-9452f24cd976,a2X6e000006Fd1Z,enableFlagToPreventBackdatedAmendments,228.7
104edf79-339d-41ae-a195-dbf55dd26331,a2X6e000006Fd1i,SBQQ.InstallProcessorBatchAssetCombineKey,228.7
15e40359-f881-441a-8db1-825f541f78a4,a2X6e000006Fd1x,SBQQ.BatchableConfigAttrReferencedFieldUtil,228.7
31174991-0ffb-45f7-9f2b-07243eaff4fb,a2X6e000006Fd1e,SBQQ.BatchablePluginTranspileUtil,228.7
360358d3-ad6a-43e5-aa7b-c7dffd5396a2,a2X6e000006Fd1f,SBQQ.InstallProcessorBatchQLIPriceBookEntry,228.7
3674c315-d4fb-4d38-abd3-14f54ceed9b6,a2X6e000006Fd1b,SBQQ.InstallProcessorBatchRegularPrice,228.7
3e74dbdf-f141-40c7-b280-2d1a01b9fd9f,a2X6e000006Fd1j,SBQQ.InstallProcessorBatchLocalizationIndex,228.7
4a2c3b4a-4f7c-4357-82c7-cb9cda4d4c56,a2X6e000006Fd1m,SBQQ.DiscountScheduleRefFieldGenerator,228.7
585b2769-e1b6-41ec-8f56-6b7b143d0564,a2X6e000006Fd1n,SBQQ.PriceRuleRefFieldGenerator,228.7
6046e519-67d0-4181-90c4-9061128edae7,a2X6e000006Fd1k,SBQQ.BatchableDSExclusionGenerator,228.7
6259b0d4-2b27-46e5-af5f-19ebd939efe7,a2X6e000006Fd1l,SBQQ.InstallProcessorBatchThemeGenerator,228.7
6acd0c53-15e3-44a1-8f10-d4ea3d0f0b4e,a2X6e000006Fd1y,SBQQ.RootIdSetterChildAssets,228.7
6d09ff3e-6da4-41b6-879e-300dd4cd6568,a2X6e000006Fd1W,createAmendSubscriptionsCustomQleAction,228.7
6ef21fd0-8292-49df-b9ca-1b97b83a5762,a2X6e000006Fd1X,viewPricingGuidanceLineAction,228.7
811e46bc-8c2f-4855-a794-bb83b75ba730,a2X6e000006Fd1q,SBQQ.RootIdSetterParentSubscriptions,228.7
844d9a36-87a2-453b-8673-17a3a44fcbfa,a2X6e000006Fd1w,SBQQ.InstallProcessorBatchHasCS,228.7
8db4fd41-ea41-4281-8922-4d712f36fb15,a2X6e000006Fd1V,createExternalConfiguratorCustomAction,228.7
8ea21fcc-0162-455c-a530-aea5c80203f0,a2X6e000006Fd1r,SBQQ.RootIdSetterParentAssets,228.7
90c422dc-7e29-49d4-8fb2-d30cdad13767,a2X6e000006Fd1T,createCustomActionsOnQLE,228.7
a1b510a3-bac9-46a7-b6b4-29615a4ad89b,a2X6e000006Fd1a,createAddRecommendedProductsAction,228.7
b35a9428-b99b-49a7-acf8-c2f46f5c3fea,a2X6e000006Fd1U,createViewConsumptionScheduleLineAction,228.7
caf4c58f-e67b-4ac3-afdb-feea3a438cf1,a2X6e000006Fd1p,SBQQ.ProductRefFieldGenerator,228.7
cb0254df-270b-4d8c-bfd4-9730c72106d4,a2X6e000006Fd1c,SBQQ.InstallProcessorBatchQuantityEditable,228.7
db3f8b6f-d4c9-4db0-886a-7ce82b895b4b,a2X6e000006Fd1d,CalculatorReferencedFieldRemover,228.7
dc24a1ca-d40b-4622-88b5-535be9017de1,a2X6e000006Fd1o,SBQQ.CustomActionRefFieldGenerator,228.7
deafd8a1-9fff-40bc-8f62-054af9d4b96e,a2X6e000006Fd1g,SBQQ.InstallProcessorBatchRequiredByAsset,228.7
e5441b75-c7ba-4003-9de0-e996e9c35863,a2X6e000006Fd1Y,createConfiguratorEditRulesAction,228.7
e7c85feb-bccb-4dee-9c70-b62f9be23853,a2X6e000006Fd1v,SBQQ.ProductRuleRefFieldGenerator,228.7
e9a65113-d3cc-4086-a8a7-819cd09e366f,a2X6e000006Fd1s,SBQQ.RootIdSetterChildSubscriptions,228.7
eaabbbb8-59c5-46f6-917c-c0ce203fc739,a2X6e000006Fd1u,SBQQ.SummaryVarRefFieldGenerator,228.7
f158e2ec-48b0-4507-9775-19aaeb551c96,a2X6e000006Fd1h,SBQQ.ReferencedFieldRemover,228.7
f435fe21-0ae4-4072-acc0-b4fe2fb379c4,a2X6e000006Fd1t,updateOIsWithAssetsContractsSubs,228.7
